{
  "name": "places",
  "title":"Places",
  "properties": {
    "name": {
      "format": "single-line",
      "title": "Place name",
      "type": "string",
      "required": true,
      "displayPriority": 1
    },
	"location": {
      "format": "geolocation",
      "title": "Location",
      "type": "object",
      "displayPriority": 2
    },
    "description": {
      "format": "html",
      "title": "Description",
      "type": "string",
      "displayPriority": 3
    },
    "url": {
      "format": "uri",
      "title": "Website",
      "type": "string",
      "displayPriority": 4
    },
    "image": {
      "format": "attachment",
      "title": "Image",
      "type": "object",
      "referencedSchema": "shoutem.core.image-attachments",
      "displayPriority": 5
    },
    "mail": {
      "format": "single-line",
      "title": "E-mail",
      "type": "string",
      "displayPriority": 6
    },
    "openingHours": {
      "format": "multi-line",
      "title": "Open Hours",
      "type": "string",
      "displayPriority": 7
    },
    "phone": {
      "format": "single-line",
      "title": "Phone",
      "type": "string",
      "displayPriority": 8
    },
	"type": {
      "format": "single-line",
      "title": "Type (ACCOMODATION, AGENCY, RENT POINT, SHOP)",
      "type": "string",
      "required": true,
      "displayPriority": 9
    },
    "repair": {
      "format": "boolean",
      "title": "Repair",
      "type": "boolean",
      "displayPriority": 10
    },
    "rent": {
      "format": "boolean",
      "title": "Rent",
      "type": "boolean",
      "displayPriority": 11
    },
    "shuttle": {
      "format": "boolean",
      "title": "Shuttle",
      "type": "boolean",
      "displayPriority": 12
    },
	"guide": {
      "format": "boolean",
      "title": "Guide",
      "type": "boolean",
      "displayPriority": 13
    }
  },
  "titleProperty": "name",
  "type": "object"
}
