{
  "name": "placesext",
  "version": "0.9.16",
  "title": "Places (extended)",
  "description": "Show items with location on list or map",
  "icon": "./server/assets/images/add-places-image.png",
  "categories": ["content"],
  "repository": {
    "type": "git",
    "url": "https://github.com/shoutem/extensions"
  },
  "platform": "1.0.*",
  "shortcuts": [
    {
      "name": "places-shortcut",
      "title": "Places",
      "screen": "@.PlacesList",
      "icon": "theme://address-full.png",
      "adminPages": [{
        "page": "shoutem.cms.CmsPage",
        "title": "Content",
           "parameters": {
        "schema": "@.places"
      }
    },
    {
      "page": "shoutem.layouts.LayoutPage",
      "title": "Layout"
    }]
  }],
  "screens": [{
    "name": "PlacesList",
    "title": "Photo List",
    "image": "./server/assets/images/layout_photo.png",
    "navigatesTo": [
      "@.PlaceDetails"
    ]
  }, {
    "name": "IconPlacesList",
    "title": "Icon List",
    "extends": "@.PlacesList",
    "image": "./server/assets/images/layout_icon.png"
  }, {
    "name": "PlaceDetails",
    "title": "Large photo details page",
    "image": "./server/assets/images/details_large.png"
  },
  {
    "name": "MediumPlaceDetails",
    "title": "Medium photo details page",
    "extends": "@.PlaceDetails",
    "image": "./server/assets/images/details_medium.png"
  },
  {
    "name": "SinglePlaceMap",
    "title": "Map View",
    "navigatesTo": [
      "@.PlaceDetails"
    ]
  }],
  "dataSchemas": [{
    "name": "places",
    "path": "server/data-schemas/Places.json"
  }]
}
